<?xml version="1.0" encoding="UTF-8"?>
<project-private xmlns="http://www.netbeans.org/ns/project-private/1">
    <editor-bookmarks xmlns="http://www.netbeans.org/ns/editor-bookmarks/2" lastBookmarkId="0"/>
    <open-files xmlns="http://www.netbeans.org/ns/projectui-open-files/2">
        <group>
            <file>file:/C:/Users/Alunos/Documents/NetBeansProjects/App_Clima/src/VIEW/FormularioCriarContaVIEW.java</file>
            <file>file:/C:/Users/Alunos/Documents/NetBeansProjects/App_Clima/src/VIEW/FormularioLoginVIEW.java</file>
            <file>file:/C:/Users/Alunos/Documents/NetBeansProjects/App_Clima/src/VIEW/EsqueceuSenha.java</file>
            <file>file:/C:/Users/Alunos/Documents/NetBeansProjects/App_Clima/src/VIEW/RecuperarSenha.java</file>
            <file>file:/C:/Users/Alunos/Documents/NetBeansProjects/App_Clima/src/VIEW/TermosdeServico.java</file>
            <file>file:/C:/Users/Alunos/Documents/NetBeansProjects/App_Clima/src/VIEW/VerificacaoDoisFatores.java</file>
            <file>file:/C:/Users/Alunos/Documents/NetBeansProjects/App_Clima/src/VIEW/AppPrincipalVIEW.java</file>
        </group>
    </open-files>
</project-private>
